Message,Subject,Date,URL
001/23,"RECAP OF EFFECTIVE 2022 NAVADMIN GENERAL MESSAGES",03/07/2023,https://www.mynavyhr.navy.mil/Portals/55/Messages/NAVADMIN/NAV2023/NAV23001.txt?ver=jUfY_nggeIUhgAHvA2vfWw%3d%3d
002/23,"ANNOUNCING NEW YEARS DAY DECK LOG POEM CONTEST FOR 2023",01/03/2023,https://www.mynavyhr.navy.mil/Portals/55/Messages/NAVADMIN/NAV2023/NAV23002.txt?ver=UgQbRQCA1i9RP1lvzPNjzQ%3d%3d
"003/23 ","FISCAL YEAR 2023 NAVY INFORMATION TECHNOLOGY PROCUREMENT REQUIREMENTS AND SUBMISSION GUIDANCE",01/09/2023,https://www.mynavyhr.navy.mil/Portals/55/Messages/NAVADMIN/NAV2023/NAV23003.txt?ver=9j8TgXaNwCk4hG2dpbig0A%3d%3d
004/23,"NAVAL SPECIAL WARFARE SEAL/SWCC SENIOR ENLISTED RETENTION BONUS PROGRAM",01/10/2023,https://www.mynavyhr.navy.mil/Portals/55/Messages/NAVADMIN/NAV2023/NAV23004.txt?ver=VEwDLQ6zqGV-tIgaFi6GcA%3d%3d
005/23,"REMOVAL OF COVID-19 VACCINATION MANDATE   FACT SHEET",01/11/2023,https://www.mynavyhr.navy.mil/Portals/55/Messages/NAVADMIN/NAV2023/NAV23005.txt?ver=a3G5K2LQwybusE7ETK7uLQ%3d%3d
006/23,"ANNUAL CALL FOR APPLICATIONS FROM QUALIFIED NAVY PERSONNEL FOR THE SYRACUSE UNIVERSITY ADVANCED MILITARY VISUAL JOURNALISM TRAINING PROGRAM 2023

    ",01/17/2023,https://www.mynavyhr.navy.mil/Portals/55/Messages/NAVADMIN/NAV2023/NAV23006.txt?ver=MlF0X5eEpaIQwyM0ItlziQ%3d%3d
007/23,"UNNUMBERED NAVADMIN",02/01/2023,https://www.mynavyhr.navy.mil/Portals/55/Messages/NAVADMIN/NAV2023/NAV23007.txt?ver=RcXT-lXGJISfLy2FeItbzw%3d%3d
008/23,"EXPANSION OF THE MILITARY PARENTAL LEAVE PROGRAM  FACT SHEET",01/19/2023,https://www.mynavyhr.navy.mil/Portals/55/Messages/NAVADMIN/NAV2023/NAV23008.txt?ver=jHAMug-P7GWQs1pM85GoEg%3d%3d
009/23,"US NAVAL COMMUNITY COLLEGE AVIATION MAINTENANCE TECHNOLOGY PROGRAM CALL FOR APPLICATIONS",01/20/2023,https://www.mynavyhr.navy.mil/Portals/55/Messages/NAVADMIN/NAV2023/NAV23009.txt?ver=jIBlVtTgsL2l6NpboN9m1A%3d%3d
010/23,"FY-24 CHAPLAIN CORPS ADVANCED EDUCATION PROGRAM (CORRECTED COPY)",01/23/2023,https://www.mynavyhr.navy.mil/Portals/55/Messages/NAVADMIN/NAV2023/NAV23010.txt?ver=TaE7T8na-UDhz4Uky4liRg%3d%3d
011/23,"ACTIVE-DUTY PROMOTIONS TO THE PERMANENT GRADES OF CAPTAIN, COMMANDER, LIEUTENANT COMMANDER, LIEUTENANT, AND CHIEF WARRANT OFFICER IN THE LINE AND STAFF CORPS (CORRECTED COPY)

    ",01/23/2023,https://www.mynavyhr.navy.mil/Portals/55/Messages/NAVADMIN/NAV2023/NAV23011.txt?ver=dbltBBnq_ZhuBe9xcuSW5A%3d%3d
012/23,"NAVY RESERVE PROMOTIONS TO THE PERMANENT GRADES OF CAPTAIN, COMMANDER, LIEUTENANT COMMANDER, LIEUTENANT, AND CHIEF WARRANT OFFICER IN THE LINE AND STAFF CORPS

    ",01/23/2023,https://www.mynavyhr.navy.mil/Portals/55/Messages/NAVADMIN/NAV2023/NAV23012.txt?ver=-ym3Qfm1BVT6DYhVW4TLFw%3d%3d
013/23,"2022 DEPARTMENT OF DEFENSE AWARD FOR SUPPLY CHAIN EXCELLENCE AWARDS-CALL FOR NOMINATIONS ",01/23/2023,https://www.mynavyhr.navy.mil/Portals/55/Messages/NAVADMIN/NAV2023/NAV23013.txt?ver=TGLkpWlUBq5E2gu5X2vU4A%3d%3d
014/23,"MEDICAL RETENTION REVIEWS FOR THE NAVY SELECTED RESERVE MEMBER",01/24/2023,https://www.mynavyhr.navy.mil/Portals/55/Messages/NAVADMIN/NAV2023/NAV23014.txt?ver=Cy4dFBdLDNc5lLAMGIS-qA%3d%3d
015/23,"U.S. FLEET FORCES COMMAND LIMITED DUTY AND DISABILITY EVALUATION SYSTEM IMPROVEMENT SPRINT",01/27/2023,https://www.mynavyhr.navy.mil/Portals/55/Messages/NAVADMIN/NAV2023/NAV23015.txt?ver=iOPL4iBNxbvljmz6OVRhyQ%3d%3d
016/23,"NOTICE OF CONVENING FY-24 NAVY RESERVE TRAINING AND ADMINISTRATION OF THE RESERVES LIEUTENANT COMMANDER RETENTION AND CONTINUATION SELECTION BOARDS

    ",01/27/2023,https://www.mynavyhr.navy.mil/Portals/55/Messages/NAVADMIN/NAV2023/NAV23016.txt?ver=XhWC4qB3_1pj2PonWYx6TA%3d%3d
017/23,"MIT SEMINAR XXI CLASS OF ACADEMIC YEAR 2023-2024 CALL FOR APPLICATIONS (CORRECTED COPY)",01/25/2023,https://www.mynavyhr.navy.mil/Portals/55/Messages/NAVADMIN/NAV2023/NAV23017.txt?ver=Rw-ckCMw3GUGUS4Igv8xBw%3d%3d
018/23,"POLICY FOR ACTIVATION AND EMPLOYMENT OF RESERVE COMPONENT FORCES",02/01/2023,https://www.mynavyhr.navy.mil/Portals/55/Messages/NAVADMIN/NAV2023/NAV23018.txt?ver=zMHZHlkeKCayGN6ZLOxdUQ%3d%3d
019/23,"FY-24 PERMANENT MILITARY PROFESSOR SELECTION BOARD",01/31/2023,https://www.mynavyhr.navy.mil/Portals/55/Messages/NAVADMIN/NAV2023/NAV23019.txt?ver=-DB9KUvNq3Aht7_itAk0uQ%3d%3d
020/23,"ADMIRAL STAN ARTHUR AWARDS-CALL FOR CY 2022 NOMINATIONS",01/31/2023,https://www.mynavyhr.navy.mil/Portals/55/Messages/NAVADMIN/NAV2023/NAV23020.txt?ver=n9daKbY2LZK0y7vv9d3mug%3d%3d
021/23,"TRANSITION OF RECORDS STORAGE AND SERVICES TO COMMERCIAL STORAGE",02/01/2023,https://www.mynavyhr.navy.mil/Portals/55/Messages/NAVADMIN/NAV2023/NAV23021.txt?ver=RqmVmUJbmNdZYJT5PPOaRw%3d%3d
022/23,"SUBMITTING MANDATORY COMMAND OPERATIONS REPORT (COR) FOR CY 2022 (CORRECTED COPY)",02/01/2023,https://www.mynavyhr.navy.mil/Portals/55/Messages/NAVADMIN/NAV2023/NAV23022.txt?ver=Og8cZLegYr8WH6Z4sqR2MQ%3d%3d
023/23,"2023 MERITORIOUS ADVANCEMENT PROGRAM SEASON ONE  FACT SHEET",02/01/2023,https://www.mynavyhr.navy.mil/Portals/55/Messages/NAVADMIN/NAV2023/NAV23023.txt?ver=dKgjw88gEzvY_ZXQvgaMLg%3d%3d
024/23,"FISCAL YEAR 2022 COPERNICUS AWARD WINNERS ANNOUNCEMENT",02/02/2023,https://www.mynavyhr.navy.mil/Portals/55/Messages/NAVADMIN/NAV2023/NAV23024.txt?ver=rFB1-5Wlz1gCkFolAjv4iA%3d%3d
025/23,"ORDER TO UPDATE NAVY FAMILY ACCOUNTABILITY AND ASSESSMENT SYSTEM PERSONAL CONTACT INFORMATION (MARCH 2023) ",02/03/2023,https://www.mynavyhr.navy.mil/Portals/55/Messages/NAVADMIN/NAV2023/NAV23025.txt?ver=A0RPfXnnkab19FKvccvMNQ%3d%3d
026/23,"ACADEMIC YEAR 2024 MEDICAL SERVICE CORPS IN-SERVICE PROCUREMENT PROGRAM SELECTION BOARD",02/07/2023,https://www.mynavyhr.navy.mil/Portals/55/Messages/NAVADMIN/NAV2023/NAV23026.txt?ver=vXtKkN9YURGPyKyl-oRopQ%3d%3d
027/23,"RETENTION EXCELLENCE AWARD",02/07/2023,https://www.mynavyhr.navy.mil/Portals/55/Messages/NAVADMIN/NAV2023/NAV23027.txt?ver=CzCcsTEBK0xaX05vHnmfdg%3d%3d
028/23,"TRAINING AND ADMINISTRATION OF THE RESERVE OFFICER IN-SERVICE PROCUREMENT PILOT PROGRAM",02/07/2023,https://www.mynavyhr.navy.mil/Portals/55/Messages/NAVADMIN/NAV2023/NAV23028.txt?ver=RElKvrT7aqB42cNof-18Ag%3d%3d
029/23,"2023 ACTIVE DUTY FUND DRIVE IN SUPPORT OF THE NAVY-MARINE CORPS RELIEF SOCIETY ",02/08/2023,https://www.mynavyhr.navy.mil/Portals/55/Messages/NAVADMIN/NAV2023/NAV23029.txt?ver=gKbTS3Fm68lCueU7Svmryw%3d%3d
030/23,"ADVANCEMENT EXAMINATION READINESS REVIEW 3RD AND 4TH QUARTER FISCAL YEAR 2023 SCHEDULE AND IDENTIFICATION OF FLEET SUBJECT MATTER EXPERTS

    ",02/09/2023,https://www.mynavyhr.navy.mil/Portals/55/Messages/NAVADMIN/NAV2023/NAV23030.txt?ver=vqp_Gu4Xr4EghEmpeMXXeA%3d%3d
032/23,"2022 AMERICAN LEGION SPIRIT OF SERVICE AWARD",02/10/2023,https://www.mynavyhr.navy.mil/Portals/55/Messages/NAVADMIN/NAV2023/NAV23032.txt?ver=ycPW-1OjPMeVyhD3W1g0Lg%3d%3d
033/23,"SPRING FISCAL YEAR 2023 TRAINING AND ADMINISTRATION OF THE RESERVE (TAR) OFFICER TRANSFER AND REDESIGNATION BOARD

    ",02/13/2023,https://www.mynavyhr.navy.mil/Portals/55/Messages/NAVADMIN/NAV2023/NAV23033.txt?ver=c3C-GTCevHejDS9GdYVgIw%3d%3d
034/23,"NAVY ATTENDANCE AT THE APRIL 2023 NAVY LEAGUE OF THE UNITED STATES SEA-AIR-SPACE EXPOSITION",02/14/2023,https://www.mynavyhr.navy.mil/Portals/55/Messages/NAVADMIN/NAV2023/NAV23034.txt?ver=0AgX8aNQoiiDpx8KC8kcpg%3d%3d
035/23,"FY-24 ACTIVE-DUTY NAVY LIMITED DUTY OFFICER AND CHIEF WARRANT OFFICER IN SERVICE PROCUREMENT SELECTION BOARD RESULTS ",02/15/2023,https://www.mynavyhr.navy.mil/Portals/55/Messages/NAVADMIN/NAV2023/NAV23035.txt?ver=Y-hKoSLcElsdLOU9tdLI4Q%3d%3d
036/23,"FY-24 NAVY RESERVE LIMITED DUTY OFFICER AND CHIEF WARRANT OFFICER IN SERVICE PROCUREMENT SELECTION BOARD RESULTS ",02/15/2023,https://www.mynavyhr.navy.mil/Portals/55/Messages/NAVADMIN/NAV2023/NAV23036.txt?ver=WStkYOCbryCikD5zCbuoQg%3d%3d
037/23,"PERSONAL FOR COMMANDERS, COMMANDING OFFICERS, AND EXECUTIVE OFFICERS EYES ONLY - 2023 VICE ADMIRAL JAMES BOND STOCKDALE LEADERSHIP AWARD ",02/15/2023,https://www.mynavyhr.navy.mil/Portals/55/Messages/NAVADMIN/NAV2023/NAV23037.txt?ver=JGMyeLlmiI05YE4g8tcVBA%3d%3d
038/23,"U.S. NAVY COVID-19 STANDARDIZED OPERATIONAL GUIDANCE 8.0  FACT SHEET",02/15/2023,https://www.mynavyhr.navy.mil/Portals/55/Messages/NAVADMIN/NAV2023/NAV23038.txt?ver=B6biDbLSuj-gV-JQXM_W4w%3d%3d
039/23,"2023 CHIEF OF NAVAL OPERATIONS NAVAL HISTORY ESSAY CONTEST",02/16/2023,https://www.mynavyhr.navy.mil/Portals/55/Messages/NAVADMIN/NAV2023/NAV23039.txt?ver=G1QbxgJPOdTsei4jDKg4yA%3d%3d
040/23,"ACTIVE-DUTY PROMOTIONS TO THE PERMANENT GRADES OF CAPTAIN, COMMANDER,

   LIEUTENANT COMMANDER, LIEUTENANT, AND CHIEF WARRANT OFFICER IN THE LINE AND

   STAFF CORPS

    ",02/16/2023,https://www.mynavyhr.navy.mil/Portals/55/Messages/NAVADMIN/NAV2023/NAV23040.txt?ver=kHY0elfAh2988nXxzdXATA%3d%3d
041/23,"NAVY RESERVE PROMOTIONS TO THE PERMANENT GRADES OF CAPTAIN, COMMANDER, LIEUTENANT COMMANDER, LIEUTENANT, AND CHIEF WARRANT OFFICER IN THE LINE AND STAFF CORPS

    ",02/16/2023,https://www.mynavyhr.navy.mil/Portals/55/Messages/NAVADMIN/NAV2023/NAV23041.txt?ver=GbnLUFJhuzYrAWQ3Q_oJ9g%3d%3d
042/23,"PHYSICAL FITNESS ASSESSMENT FAILURE RESET  FACT SHEET",02/16/2023,https://www.mynavyhr.navy.mil/Portals/55/Messages/NAVADMIN/NAV2023/NAV23042.txt?ver=ydPsZ-hLizh4e4PjLGBCWQ%3d%3d
043/23,"ENLISTED APPLICATIONS BEING ACCEPTED BY NAVY FLIGHT DEMONSTRATION SQUADRON (BLUE ANGELS) FOR 2024",02/16/2023,https://www.mynavyhr.navy.mil/Portals/55/Messages/NAVADMIN/NAV2023/NAV23043.txt?ver=Sd0doWIGlVFXAhxm7OpQAw%3d%3d
044/23,"FY-24 SEAMAN TO ADMIRAL-21 PROGRAM ANNOUNCEMENT  FACT SHEET",02/16/2023,https://www.mynavyhr.navy.mil/Portals/55/Messages/NAVADMIN/NAV2023/NAV23044.txt?ver=6bhwWAhPwlW5yZyNezv4yg%3d%3d
045/23,"SURFACE WARFARE OFFICER LIEUTENANT COMMANDER RETENTION BONUS",02/16/2023,https://www.mynavyhr.navy.mil/Portals/55/Messages/NAVADMIN/NAV2023/NAV23045.txt?ver=sRpbG2BSW6LD7cAXZk0xfw%3d%3d
046/23,"SURFACE WARFARE OFFICER DEPARTMENT HEAD RETENTION BONUS",02/16/2023,https://www.mynavyhr.navy.mil/Portals/55/Messages/NAVADMIN/NAV2023/NAV23046.txt?ver=9RSX6_bSEKudxQsdYrzn-w%3d%3d
047/23,"UNITED STATES NAVAL COMMUNITY COLLEGE INTEGRATED NAVAL STUDIES CERTIFICATE COHORT CALL FOR APPLICATIONS

    ",02/17/2023,https://www.mynavyhr.navy.mil/Portals/55/Messages/NAVADMIN/NAV2023/NAV23047.txt?ver=Ixg-bH4dpFRzYr6V6ZWWRA%3d%3d
048/23,"FY-24 COMMAND MASTER CHIEF SCREEN BOARD RESULTS",02/21/2023,https://www.mynavyhr.navy.mil/Portals/55/Messages/NAVADMIN/NAV2023/NAV23048.txt?ver=IHldD4v7jBRN80BRlW1WPw%3d%3d
049/23,"FY-24 COMMAND SENIOR CHIEF SCREEN BOARD RESULTS (CORRECTED COPY)",02/21/2023,https://www.mynavyhr.navy.mil/Portals/55/Messages/NAVADMIN/NAV2023/NAV23049.txt?ver=zpCB0_NrDiQZk5dPR8y5Jw%3d%3d
050/23,"FY-24 ACTIVE-DUTY NAVY COMMAND MASTER CHIEF PETTY OFFICER ADVANCEMENT SELECTION BOARD RESULTS",02/21/2023,https://www.mynavyhr.navy.mil/Portals/55/Messages/NAVADMIN/NAV2023/NAV23050.txt?ver=3TW3Z0Jrj9DANzGufOX2OQ%3d%3d
051/23,"FY-24 NAVY RESERVE COMMAND MASTER CHIEF PETTY OFFICER ADVANCEMENT SELECTION BOARD RESULTS",02/21/2023,https://www.mynavyhr.navy.mil/Portals/55/Messages/NAVADMIN/NAV2023/NAV23051.txt?ver=bA6ipamZfFcdNd9yLiM5HA%3d%3d
052/23,"2023 ASSOCIATION OF OLD CROWS OUTSTANDING NAVY UNIT AWARD NOMINATIONS",02/22/2023,https://www.mynavyhr.navy.mil/Portals/55/Messages/NAVADMIN/NAV2023/NAV23052.txt?ver=j2K5ggkUIfaAYcCo9msgHQ%3d%3d
053/23,"2022 U.S. NAVY COUNTERINTELLIGENCE AND HUMAN INTELLIGENCE SUPERIOR ACHIEVEMENT AWARDS SOLICITATION ",02/24/2023,https://www.mynavyhr.navy.mil/Portals/55/Messages/NAVADMIN/NAV2023/NAV23053.txt?ver=iessWcswug4KIxhdTN1Uhw%3d%3d
054/23,"2022 EXPEDITIONARY WARFARE EXCELLENCE AWARDS (EWEA) SOLICITATION",02/24/2023,https://www.mynavyhr.navy.mil/Portals/55/Messages/NAVADMIN/NAV2023/NAV23054.txt?ver=8BoZCYVM6i0kMc-mswz5ng%3d%3d
055/23,"ENLISTED SUPERVISOR RETENTION PAY POLICY UPDATES  FACT SHEET",02/27/2023,https://www.mynavyhr.navy.mil/Portals/55/Messages/NAVADMIN/NAV2023/NAV23055.txt?ver=HsSTcXoXXK7nQeBUOJu-yQ%3d%3d
056/23,"OFFICER APPLICATIONS BEING ACCEPTED BY NAVY FLIGHT DEMONSTRATION SQUADRON (BLUE ANGELS) FOR 2024-2026 SHOW SEASONS",02/27/2023,https://www.mynavyhr.navy.mil/Portals/55/Messages/NAVADMIN/NAV2023/NAV23056.txt?ver=khk-KbbIgui1iFXlbbMzcQ%3d%3d
057/23,"2023 MRS. SYBIL STOCKDALE OMBUDSMAN OF THE YEAR AWARD NOMINATION AND SELECTION PROCESS",02/28/2023,https://www.mynavyhr.navy.mil/Portals/55/Messages/NAVADMIN/NAV2023/NAV23057.txt?ver=x4XuzmKaGjInZQnqxT00bg%3d%3d
058/23,"NAVY SUPPLEMENTAL GUIDANCE TO COMMAND NOTIFICATION OF PREGNANCY POLICY, ADMINISTRATIVE ABSENCE AND TRAVEL FOR NON-COVERED REPRODUCTIVE HEALTH CARE  FACT SHEET",02/28/2023,https://www.mynavyhr.navy.mil/Portals/55/Messages/NAVADMIN/NAV2023/NAV23058.txt?ver=Emj0dmMLefYpo8llktp8iQ%3d%3d
059/23,"NAVY MENTAL HEALTH PLAYBOOK AND 21ST CENTURY SAILOR OFFICE NAME CHANGE  FACT SHEET",02/28/2023,https://www.mynavyhr.navy.mil/Portals/55/Messages/NAVADMIN/NAV2023/NAV23059.txt?ver=rJnqm8WXsP_b4rp5UWz0hg%3d%3d
060/23,"GUIDANCE ON CLASSIFICATION PROCEDURES TO ENHANCE FOREIGN PARTNERSHIPS",03/01/2023,https://www.mynavyhr.navy.mil/Portals/55/Messages/NAVADMIN/NAV2023/NAV23060.txt?ver=nzpMLZojbbDv_gl2A5xnNQ%3d%3d
061/23,"READINESS BASED SPARING - INTERIM CHANGE (CORRECTED COPY)",03/01/2023,https://www.mynavyhr.navy.mil/Portals/55/Messages/NAVADMIN/NAV2023/NAV23061.txt?ver=1t3irIGmanbsOtrfclmHdg%3d%3d
062/23,"FISCAL YEAR 2023 TRAINING AND ADMINISTRATION OF THE RESERVE OFFICER IN-SERVICE PROCUREMENT PROGRAM BOARD",03/02/2023,https://www.mynavyhr.navy.mil/Portals/55/Messages/NAVADMIN/NAV2023/NAV23062.txt?ver=7WiXdqwa3xRj-MDx9Dq26A%3d%3d
063/23,"ANNOUNCEMENT OF APPROVAL OF THE ARMED FORCES SERVICE MEDAL (AFSM) FOR OPERATIONS ALLIES REFUGE (OAR) AND ALLIES WELCOME (OAW)",03/03/2023,https://www.mynavyhr.navy.mil/Portals/55/Messages/NAVADMIN/NAV2023/NAV23063.txt?ver=mon4dFlitSHNVKhMsGdnyw%3d%3d
064/23,"SKILLBRIDGE EMPLOYMENT SKILLS TRAINING GUIDANCE UPDATE  FACT SHEET",03/03/2023,https://www.mynavyhr.navy.mil/Portals/55/Messages/NAVADMIN/NAV2023/NAV23064.txt?ver=Y3LXOQQ9wdHMUhcDfhWCrg%3d%3d
065/23,"
   
FOLLOW ON COVID-19 VACCINE RESCISSION ACTIONS
   ",03/06/2023,https://www.mynavyhr.navy.mil/Portals/55/Messages/NAVADMIN/NAV2023/NAV23065.txt?ver=5D-VSbRc-Pt_Qjy8WecHeQ%3d%3d
066/23,"CALENDAR YEAR 2024 NAVY LEGISLATIVE FELLOWSHIP CALL FOR APPLICATIONS",03/07/2023,https://www.mynavyhr.navy.mil/Portals/55/Messages/NAVADMIN/NAV2023/NAV23066.txt?ver=my8S_OOjKNrD4kv9B4tSrQ%3d%3d
067/23,"RECOGNITION OF UNITS INVOLVED IN RETROGRADE OPERATION FROM AFGHANISTAN,

   OPERATION ALLIES REFUGE AND OPERATION ALLIES WELCOME

    ",03/13/2023,https://www.mynavyhr.navy.mil/Portals/55/Messages/NAVADMIN/NAV2023/NAV23067.txt?ver=34LZsAPXINJPqvaM5wyTnA%3d%3d
068/23,"NOTICE OF CONVENING FY-24-2 TEST PILOT SCHOOL SELECTION BOARD",03/15/2023,https://www.mynavyhr.navy.mil/Portals/55/Messages/NAVADMIN/NAV2023/NAV23068.txt?ver=6tU334cSyHIJEw0Y81tWzA%3d%3d
069/23,"SEA SERVICE AFFINITY GROUP ANNUAL CONFERENCES AND SYMPOSIUMS",03/15/2023,https://www.mynavyhr.navy.mil/Portals/55/Messages/NAVADMIN/NAV2023/NAV23069.txt?ver=KsxPVy0Wlv927ruAP1qteA%3d%3d
070/23,"FISCAL YEAR 2023 TRAINING AND ADMINISTRATION OF THE RESERVE AVIATION COMMAND RETENTION BONUS",03/15/2023,https://www.mynavyhr.navy.mil/Portals/55/Messages/NAVADMIN/NAV2023/NAV23070.txt?ver=tYZJt79NMJEu9tjDeT7a9w%3d%3d
071/23,"2023 BATTLE OF MIDWAY COMMEMORATION PLANNING ORDER",03/15/2023,https://www.mynavyhr.navy.mil/Portals/55/Messages/NAVADMIN/NAV2023/NAV23071.txt?ver=l-If1HFu1C6SKiyhWDGqBw%3d%3d
072/23,"CHIEF OF NAVAL OPERATIONS FY22FOURTH QUARTER GOLD DISK AWARDEES",03/16/2023,https://www.mynavyhr.navy.mil/Portals/55/Messages/NAVADMIN/NAV2023/NAV23072.txt?ver=RN_v8bwNk1fip5gz-YAzdA%3d%3d
073/23,"FY-24 ACTIVE-DUTY NAVY NUCLEAR LIMITED DUTY OFFICER IN SERVICE PROCUREMENT SELECTION BOARD RESULTS",03/16/2023,https://www.mynavyhr.navy.mil/Portals/55/Messages/NAVADMIN/NAV2023/NAV23073.txt?ver=-4tDil789rn3rxIMN7poWA%3d%3d
074/23,"ACADEMIC YEAR 2024 NURSE CORPS MEDICAL ENLISTED COMMISSIONING PROGRAM SELECTION BOARD  FACT SHEET",03/17/2023,https://www.mynavyhr.navy.mil/Portals/55/Messages/NAVADMIN/NAV2023/NAV23074.txt?ver=0BdLHGmR4aoDAxCqzarVfg%3d%3d
075/23,"FISCAL YEAR 2023 TRAINING AND ADMINISTRATION OF THE RESERVE AVIATION DEPARTMENT HEAD RETENTION BONUS",03/24/2023,https://www.mynavyhr.navy.mil/Portals/55/Messages/NAVADMIN/NAV2023/NAV23075.txt?ver=2knXhfI5MYRIodyFfCvvFw%3d%3d
076/23,"2023 NAVAL HISTORY AND HERITAGE COMMEMORATION - VIETNAM WAR",03/24/2023,https://www.mynavyhr.navy.mil/Portals/55/Messages/NAVADMIN/NAV2023/NAV23076.txt?ver=wxlGsy9J6ji6Q4TtstFElQ%3d%3d
077/23,"ACTIVE-DUTY PROMOTIONS TO THE PERMANENT GRADES OF CAPTAIN, COMMANDER, LIEUTENANT COMMANDER, LIEUTENANT, AND CHIEF WARRANT OFFICER IN THE LINE AND STAFF CORPS

    ",03/28/2023,https://www.mynavyhr.navy.mil/Portals/55/Messages/NAVADMIN/NAV2023/NAV23077.txt?ver=Bg9kEZjUfnikGUVBTiXkeg%3d%3d
078/23,"NAVY RESERVE PROMOTIONS TO THE PERMANENT GRADES OF CAPTAIN, COMMANDER, LIEUTENANT COMMANDER, LIEUTENANT, AND CHIEF WARRANT OFFICER IN THE LINE AND STAFF CORPS

    ",03/28/2023,https://www.mynavyhr.navy.mil/Portals/55/Messages/NAVADMIN/NAV2023/NAV23078.txt?ver=GzH5cWXKPz9ns0_LM8goLA%3d%3d
079/23,"UNNUMBERED NAVADMIN",03/28/2023,https://www.mynavyhr.navy.mil/Portals/55/Messages/NAVADMIN/NAV2023/NAV23079.txt?ver=OAoA-cDSEz4fFkneLsnQKg%3d%3d
080/23,"FY-24 NAVY ACTIVE AND RESERVE COMPONENT ENLISTED ADVANCEMENT SELECTION BOARDS FOR CHIEF PETTY OFFICER  FACT SHEET",03/30/2023,https://www.mynavyhr.navy.mil/Portals/55/Messages/NAVADMIN/NAV2023/NAV23080.txt?ver=iA0u-J1fMsRqYscyqGNpvA%3d%3d
081/23,"2023 BOB FELLER ACT OF VALOR AWARDS",03/31/2023,https://www.mynavyhr.navy.mil/Portals/55/Messages/NAVADMIN/NAV2023/NAV23081.txt?ver=9eVXHYC5XDEy6oIz2joTFg%3d%3d
082/23,"CHANGES TO SENIOR ENLISTED PERFORMANCE EVALUATION PROCESS",03/31/2023,https://www.mynavyhr.navy.mil/Portals/55/Messages/NAVADMIN/NAV2023/NAV23082.txt?ver=7Jg_5yw6bRsZE6Xp2Iwqpw%3d%3d
083/23,"ACADEMIC YEAR 2023-2024 NAVAL WAR COLLEGE FLEET SEMINAR PROGRAM",04/04/2023,https://www.mynavyhr.navy.mil/Portals/55/Messages/NAVADMIN/NAV2023/NAV23083.txt?ver=t97vLeidJIHZLVy-lPxtKw%3d%3d
084/23,"APPLICATION FOR ASSIGNMENT TO THE U.S. NAVY CEREMONIAL GUARD (CORRECTED COPY)",04/13/2023,https://www.mynavyhr.navy.mil/Portals/55/Messages/NAVADMIN/NAV2023/NAV23084.txt?ver=-UMJlUV_Q07IfM4oObQfCg%3d%3d
085/23,"FISCAL YEAR 2024 NAVY RESERVE E8 AND E9 ADVANCEMENT SELECTION BOARDS RESULTS",04/13/2023,https://www.mynavyhr.navy.mil/Portals/55/Messages/NAVADMIN/NAV2023/NAV23085.txt?ver=DQa9IaaQ4edUDtdzy-8NfA%3d%3d
086/23,"CY 2022 WINNER ANNOUNCEMENT FOR THE NAVY PUBLIC AFFAIRS AWARDS FOR EXCELLENCE IN NAVY PUBLIC AFFAIRS (CORRECTED COPY)",04/17/2023,https://www.mynavyhr.navy.mil/Portals/55/Messages/NAVADMIN/NAV2023/NAV23086.txt?ver=_K_oy8Q74y0NVqdfmPSP6w%3d%3d
087/23,"BATTLE OF MIDWAY COMMEMORATION EXECUTION ORDER",04/18/2023,https://www.mynavyhr.navy.mil/Portals/55/Messages/NAVADMIN/NAV2023/NAV23087.txt?ver=0fZZQ-uWbjX7gjsmet4AlA%3d%3d
088/23,"2022-23 MASTER CHIEF PETTY OFFICER OF THE NAVY DELBERT D. BLACK LEADERSHIP AWARD NOMINATIONS",04/18/2023,https://www.mynavyhr.navy.mil/Portals/55/Messages/NAVADMIN/NAV2023/NAV23088.txt?ver=zg9Lwue7PeUo6AAuiky2Iw%3d%3d
089/23,"FISCAL YEAR 2023 ACTIVE COMPONENT AVIATION DEPARTMENT HEAD RETENTION BONUS",04/19/2023,https://www.mynavyhr.navy.mil/Portals/55/Messages/NAVADMIN/NAV2023/NAV23089.txt?ver=fw2ZO7SjTrfImAsL27Ssjg%3d%3d
090/23,"SELECTEES FOR ACADEMIC YEAR 2023-2024 ADVANCED MILITARY VISUAL JOURNALISM TRAINING PROGRAM AT SYRACUSE UNIVERSITY ",04/20/2023,https://www.mynavyhr.navy.mil/Portals/55/Messages/NAVADMIN/NAV2023/NAV23090.txt?ver=C5snhzT0whsE98hRAelh4Q%3d%3d
091/23,"BEREAVEMENT LEAVE PROGRAM  FACT SHEET",04/21/2023,https://www.mynavyhr.navy.mil/Portals/55/Messages/NAVADMIN/NAV2023/NAV23091.txt?ver=63UPHt50VbHh3S5FogehgQ%3d%3d
092/23,"ATTENDANCE AT THE 2023 NAVY AND MARINE CORPS AIR TRAFFIC CONTROLLEADERSHIP TRAINING CONTINUUM",04/21/2023,https://www.mynavyhr.navy.mil/Portals/55/Messages/NAVADMIN/NAV2023/NAV23092.txt?ver=sB5BMlYNnv_1LqEh6h6HMA%3d%3d
093/23,"ACTIVE-DUTY PROMOTIONS TO THE PERMANENT GRADES OF CAPTAIN, COMMANDER, LIEUTENANT COMMANDER, LIEUTENANT, AND CHIEF WARRANT OFFICER IN THE LINE AND STAFF CORPS

    ",04/21/2023,https://www.mynavyhr.navy.mil/Portals/55/Messages/NAVADMIN/NAV2023/NAV23093.txt?ver=PoNnqokQceQk1pbML1Ks2g%3d%3d
094/23,"NAVY RESERVE PROMOTIONS TO THE PERMANENT GRADES OF CAPTAIN, COMMANDER, LIEUTENANT COMMANDER, LIEUTENANT, AND CHIEF WARRANT OFFICER IN THE LINE AND STAFF CORPS

    ",04/21/2023,https://www.mynavyhr.navy.mil/Portals/55/Messages/NAVADMIN/NAV2023/NAV23094.txt?ver=7czELhChdCToCOgdDw2gDQ%3d%3d
095/23,"REVISION TO ADVANCE PAYMENT OF DISLOCATION ALLOWANCE  FACT SHEET",04/26/2023,https://www.mynavyhr.navy.mil/Portals/55/Messages/NAVADMIN/NAV2023/NAV23095.txt?ver=ZjegeTzE8i-072fXvPuoJQ%3d%3d
096/23,"UNITED STATES NAVY CONTRACT SERVICES GUIDANCE FOR FISCAL YEAR (FY) 2023",04/26/2023,https://www.mynavyhr.navy.mil/Portals/55/Messages/NAVADMIN/NAV2023/NAV23096.txt?ver=ECWnvgaG-zK_KtqJljjH5w%3d%3d
097/23,"EXERCISE-EXERCISE-EXERCISE ORDER TO ACCOUNT FOR THE NAVY FAMILY ACCOUNTABILITY AND ASSESSMENT SYSTEM IN CONJUNCTION WITH HURREX CITADEL GALE 23 NAVSTA GREAT LAKES TRAIN DERAILMENT IN COASTAL/LAND AREAS OF ILLINOIS AND WISCONSIN

    ",04/27/2023,https://www.mynavyhr.navy.mil/Portals/55/Messages/NAVADMIN/NAV2023/NAV23097.txt?ver=r21gfBptoP01cxRyJTGZew%3d%3d
098/23,"EXERCISE-EXERCISE-EXERCISE ORDER TO ACCOUNT FOR THE NAVY FAMILY ACCOUNTABILITY AND ASSESSMENT SYSTEM IN CONJUNCTION WITH HURREX CITADEL GALE 23 IN COASTAL/LAND AREAS OF NORTH CAROLINA

    ",04/28/2023,https://www.mynavyhr.navy.mil/Portals/55/Messages/NAVADMIN/NAV2023/NAV23098.txt?ver=7crRt1H5xVqlaI7d8mXJeQ%3d%3d
099/23,"EXERCISE-EXERCISE-EXERCISE  ORDER TO ACCOUNT FOR THE NAVY FAMILY ACCOUNTABILITY AND ASSESSMENT SYSTEM IN CONJUNCTION WITH HURREX CITADEL GALE 23 IN COASTAL/LAND AREAS OF VIRGINIA

    ",04/28/2023,https://www.mynavyhr.navy.mil/Portals/55/Messages/NAVADMIN/NAV2023/NAV23099.txt?ver=H8IZFyOgO8YfJrH2_AIdcw%3d%3d
100/23,"EXERCISE-EXERCISE-EXERCISE  ORDER TO ACCOUNT FOR THE NAVY FAMILY ACCOUNTABILITY AND ASSESSMENT SYSTEM IN CONJUNCTION WITH HURREX CITADEL GALE 23 - HURRICANE CHARLIE IN COASTAL/LAND AREAS OF CONNECTICUT, DELAWARE, MAINE, MASSSACHUSETTS, NEW HAMPSHIRE, NEW JERSEY, NEW YORK, PENNSYLVANIA, RHODE ISLAND, MARYLAND AND THE DISTRICT OF COLUMBIA

    ",05/01/2023,https://www.mynavyhr.navy.mil/Portals/55/Messages/NAVADMIN/NAV2023/NAV23100.txt?ver=0PQOkHVZy49SuXqb-7Dlzg%3d%3d
101/23,"EXERCISE-EXERCISE-EXERCISE  ORDER TO ACCOUNT FOR THE NAVY FAMILY ACCOUNTABILITY AND ASSESSMENT SYSTEM IN CONJUNCTION WITH HURREX CITADEL GALE 23 - HURRICANE DELTA IN THE STATE OF FLORIDA

    ",05/01/2023,https://www.mynavyhr.navy.mil/Portals/55/Messages/NAVADMIN/NAV2023/NAV23101.txt?ver=qqKywU0oZvytZezJ2FFnXA%3d%3d
102/23,"NAVY UNACCOMPANIED HOUSING RESIDENT BILL OF RIGHTS AND RESPONSIBILITIES",05/02/2023,https://www.mynavyhr.navy.mil/Portals/55/Messages/NAVADMIN/NAV2023/NAV23102.txt?ver=jdbFePD5am7z97glKeOPBw%3d%3d
103/23,"FISCAL YEAR 2023 ENLISTED TO MEDICAL DEGREE PREPARATORY PROGRAM SELECTION BOARD RESULTS",05/03/2023,https://www.mynavyhr.navy.mil/Portals/55/Messages/NAVADMIN/NAV2023/NAV23103.txt?ver=F2SzrzOR-XF7iDQyYIsFTQ%3d%3d
104/23,"NAVY SPOUSE EMPLOYMENT PROGRAM UPDATE   FACT SHEET",05/04/2023,https://www.mynavyhr.navy.mil/Portals/55/Messages/NAVADMIN/NAV2023/NAV23104.txt?ver=por_XJ4AcgcYrfPGfvnPDA%3d%3d
105/23,"INSTALLATION ACCESS CONTROL PROGRAM UPDATES IN REGARDS TO THE TERMINATION OF THE DOD CIVILIAN RETIREE IDENTIFICATION CARD",05/05/2023,https://www.mynavyhr.navy.mil/Portals/55/Messages/NAVADMIN/NAV2023/NAV23105.txt?ver=Xkg2FkUOCtLDd5KpTOjx4g%3d%3d
106/23,"NAVY PRIVATIZED FAMILY HOUSING UNIVERSAL LEASE AND PET DEPOSIT",05/08/2023,https://www.mynavyhr.navy.mil/Portals/55/Messages/NAVADMIN/NAV2023/NAV23106.txt?ver=AWxRT6VxeOC54qPUe0s3-w%3d%3d
107/23,"ANNOUNCING 2023 WINNERS OF THE NEW YEAR'S DAY DECK LOG POEM CONTEST",05/08/2023,https://www.mynavyhr.navy.mil/Portals/55/Messages/NAVADMIN/NAV2023/NAV23107.txt?ver=Um_kV9DJHIQzTrtIwYc5ug%3d%3d
108/23,"MODIFICATION TO THE CALENDAR YEAR 2024 NAVY LEGISLATIVE FELLOWSHIP CALL FOR APPLICATIONS",05/10/2023,https://www.mynavyhr.navy.mil/Portals/55/Messages/NAVADMIN/NAV2023/NAV23108.txt?ver=8ElI2TYCLMxmzogWMKRXHw%3d%3d
109/23,"DETAILING MARKETPLACE ASSIGNMENT POLICY PHASE III   FACT SHEET",05/10/2023,https://www.mynavyhr.navy.mil/Portals/55/Messages/NAVADMIN/NAV2023/NAV23109.txt?ver=m6Vqdck8W9r1D77DBpoB9w%3d%3d
110/23,"NAVY NOMINEES FOR THE 2023 SECRETARY OF DEFENSE MAINTENANCE AWARDS",05/12/2023,https://www.mynavyhr.navy.mil/Portals/55/Messages/NAVADMIN/NAV2023/NAV23110.txt?ver=5Cs7cOkxQDbNTCTosESwmA%3d%3d
111/23,"FY-25 ACTIVE-DUTY LIMITED DUTY OFFICER, CHIEF WARRANT OFFICER, AND WARRANT OFFICER IN-SERVICE PROCUREMENT BOARD",05/15/2023,https://www.mynavyhr.navy.mil/Portals/55/Messages/NAVADMIN/NAV2023/NAV23111.txt?ver=hbMduKaJvpLgAV5lbepHFA%3d%3d
112/23,"TUITION ASSISTANCE UPDATE TWO   FACT SHEET",05/15/2023,https://www.mynavyhr.navy.mil/Portals/55/Messages/NAVADMIN/NAV2023/NAV23112.txt?ver=N56_l6Cdiz_JtdKFyhU2wQ%3d%3d
113/23,"USS CONSTITUTION CHIEF PETTY OFFICER HERITAGE TRAINING 2023",05/16/2023,https://www.mynavyhr.navy.mil/Portals/55/Messages/NAVADMIN/NAV2023/NAV23113.txt?ver=vHNGPExG2VjWH2tznvUL8Q%3d%3d
114/23,"2023 NAVAL INTELLIGENCE COMMUNITY AWARDS SOLICITATION",05/17/2023,https://www.mynavyhr.navy.mil/Portals/55/Messages/NAVADMIN/NAV2023/NAV23114.txt?ver=6nMUeu2TPUkrLqXkycQPtQ%3d%3d
115/23,"FISCAL YEAR 2025 NAVY SELECTED RESERVE LIMITED DUTY OFFICER AND CHIEF WARRANT OFFICER IN-SERVICE PROCUREMENT BOARD",05/16/2023,https://www.mynavyhr.navy.mil/Portals/55/Messages/NAVADMIN/NAV2023/NAV23115.txt?ver=FbB7CGnzvihDMjYLmTXaDw%3d%3d
116/23,"2022 NAVAL INTELLIGENCE COMMUNITY AWARDS RESULTS",05/17/2023,https://www.mynavyhr.navy.mil/Portals/55/Messages/NAVADMIN/NAV2023/NAV23116.txt?ver=NpHg0xWkoGxsGqux50ArSQ%3d%3d
117/23,"PERMANENT PROFESSIONAL RECRUITER COMMUNITY DESIGNATOR APPROVAL",05/18/2023,https://www.mynavyhr.navy.mil/Portals/55/Messages/NAVADMIN/NAV2023/NAV23117.txt?ver=wdQiqO73UR89a6vSe8pT8w%3d%3d
118/23,"BLENDED RETIREMENT SYSTEM CALENDAR YEAR 2024 CONTINUATION PAY RATES   FACT SHEET",05/19/2023,https://www.mynavyhr.navy.mil/Portals/55/Messages/NAVADMIN/NAV2023/NAV23118.txt?ver=f2t1QjpFVN2Oydoer15UrQ%3d%3d
119/23,"ACTIVE-DUTY PROMOTIONS TO THE PERMANENT GRADES OF CAPTAIN, COMMANDER, LIEUTENANT COMMANDER, LIEUTENANT, AND CHIEF WARRANT OFFICER IN THE LINE AND STAFF CORPS

    ",05/22/2023,https://www.mynavyhr.navy.mil/Portals/55/Messages/NAVADMIN/NAV2023/NAV23119.txt?ver=kLuXTXbAyTlyggnVwiYfZQ%3d%3d
120/23,"NAVY RESERVE PROMOTIONS TO THE PERMANENT GRADES OF CAPTAIN, COMMANDER, LIEUTENANT COMMANDER, LIEUTENANT, AND CHIEF WARRANT OFFICER IN THE LINE AND STAFF CORPS

    ",05/22/2023,https://www.mynavyhr.navy.mil/Portals/55/Messages/NAVADMIN/NAV2023/NAV23120.txt?ver=77N-zH0BTBNrm2_Nms0zpA%3d%3d
121/23,"NAVAL INSPECTOR GENERAL POLICY FOR INVESTIGATIONS CONDUCTED BY COMMAND INSPECTORS GENERAL",05/22/2023,https://www.mynavyhr.navy.mil/Portals/55/Messages/NAVADMIN/NAV2023/NAV23121.txt?ver=n2rrWRPjMcok89ZLSlBAlQ%3d%3d
122/23,"UPDATE TO CHIEF OF NAVAL OPERATIONS DELEGATION OF AWARDING AUTHORITY FOR

   MILITARY AWARDS ",05/22/2023,https://www.mynavyhr.navy.mil/Portals/55/Messages/NAVADMIN/NAV2023/NAV23122.txt?ver=kkloO1PORJSvkHe1Qy1aDw%3d%3d
123/23,"2022 ADMIRAL STAN ARTHUR AWARDS ANNOUNCEMENT",05/23/2023,https://www.mynavyhr.navy.mil/Portals/55/Messages/NAVADMIN/NAV2023/NAV23123.txt?ver=Wg0KExxbESim6I0k3z-YNw%3d%3d
124/23,"FY-24 ACTIVE-DUTY NAVY E8 AND E9 LEGACY ADVANCEMENT SELECTION BOARDS RESULTS",05/24/2023,https://www.mynavyhr.navy.mil/Portals/55/Messages/NAVADMIN/NAV2023/NAV23124.txt?ver=bSmcfQh2eoC4fs6cLWHJCg%3d%3d
125/23,"FY-24 ACTIVE-DUTY NAVY E9 SENIOR ENLISTED MARKETPLACE SCREENING BOARD RESULTS",05/24/2023,https://www.mynavyhr.navy.mil/Portals/55/Messages/NAVADMIN/NAV2023/NAV23125.txt?ver=u8mIvajPz4-Qro8wraDblw%3d%3d
126/23,"FISCAL YEAR 2024 ENLISTED TO MEDICAL DEGREE PREPARATORY PROGRAM ANNOUNCEMENT   FACT SHEET",05/24/2023,https://www.mynavyhr.navy.mil/Portals/55/Messages/NAVADMIN/NAV2023/NAV23126.txt?ver=m-ZwjidKYCkMNxc5S-NA6w%3d%3d
127/23,"ORDER TO ACCOUNT FOR THE NAVY FAMILY IN CONJUNCTION WITH TYPHOON MAWAR IN ALL U.S. TERRITORY OF GUAM AND THE COMMONWEALTH OF THE NORTHERN MARIANAS ISLANDS TO INCLUDE ROTA, TINIAN, SAIPAN, CHUUK

    ",05/25/2023,https://www.mynavyhr.navy.mil/Portals/55/Messages/NAVADMIN/NAV2023/NAV23127.txt?ver=n6SypRlLnyjstKdMmMs9gw%3d%3d
128/23,"STOP MOVEMENT FOR PERMANENT CHANGE OF STATION AND TEMPORARY DUTY FOR ALL NAVY UNIFORMED MEMBERS, CIVILIAN PERSONNEL, AND DEPENDANTS TO GUAM",05/26/2023,https://www.mynavyhr.navy.mil/Portals/55/Messages/NAVADMIN/NAV2023/NAV23128.txt?ver=UU-SqZ0W7BEo8Ov4d_MY0Q%3d%3d
129/23,"75TH ANNIVERSARY OF THE WOMEN'S ARMED SERVICES INTEGRATION ACT",05/30/2023,https://www.mynavyhr.navy.mil/Portals/55/Messages/NAVADMIN/NAV2023/NAV23129.txt?ver=wPlaJEvO6og4wsmHLzXeyA%3d%3d
130/23,"FY24 GRADUATE SCHOOL OPPORTUNITIES AT MASSACHUSETTS INSTITUTE OF TECHNOLOGY AND WOODS HOLE OCEANOGRAPHIC INSTITUTION ",05/30/2023,https://www.mynavyhr.navy.mil/Portals/55/Messages/NAVADMIN/NAV2023/NAV23130.txt?ver=B8XurczEoHzdtf0aVcJscw%3d%3d
131/23,"FALL 2023 SELECTED RESERVE E-4 THROUGH E-6 ADVANCEMENT (CYCLE 113)",05/31/2023,https://www.mynavyhr.navy.mil/Portals/55/Messages/NAVADMIN/NAV2023/NAV23131.txt?ver=1doISKbOKTL3sBcSprNRrQ%3d%3d
132/23,"US NAVAL COMMUNITY COLLEGE MARITIME LOGISTICS PROGRAM CALL FOR APPLICATIONS",06/01/2023,https://www.mynavyhr.navy.mil/Portals/55/Messages/NAVADMIN/NAV2023/NAV23132.txt?ver=_C651u1GPexsjiW_j64EGw%3d%3d
133/23,"ACADEMIC YEAR 2024-2025 STRATEGIST AND NATIONAL SECURITY FELLOWSHIPS AND GRADUATE EDUCATION SCHOLARSHIP PROGRAMS CALL FOR APPLICATIONS",06/02/2023,https://www.mynavyhr.navy.mil/Portals/55/Messages/NAVADMIN/NAV2023/NAV23133.txt?ver=PdAi7O3JB6RGUIDqaevAOQ%3d%3d
134/23,"FY-25 PROMOTION SELECTION BOARD DEFERMENT FOR UNRESTRICTED LINE OFFICERS   FACT SHEET",06/02/2023,https://www.mynavyhr.navy.mil/Portals/55/Messages/NAVADMIN/NAV2023/NAV23134.txt?ver=FUA58dtkSxLOZLPe1ofgrA%3d%3d
135/23,"2023 EXPEDITIONARY WARFARE EXCELLENCE AWARDS (EWEA) RECIPIENTS",06/06/2023,https://www.mynavyhr.navy.mil/Portals/55/Messages/NAVADMIN/NAV2023/NAV23135.txt?ver=EEeGJXx5EZ0lqwbbXkqCYA%3d%3d
136/23,"UNIT AWARDS PROCESS IMPROVEMENTS",06/07/2023,https://www.mynavyhr.navy.mil/Portals/55/Messages/NAVADMIN/NAV2023/NAV23136.txt?ver=I6xFTZI3d09O9h8Klijjtw%3d%3d
137/23,"ACADEMIC YEAR 2024-2025 FLEET SCHOLARS EDUCATION PROGRAM",06/07/2023,https://www.mynavyhr.navy.mil/Portals/55/Messages/NAVADMIN/NAV2023/NAV23137.txt?ver=pSq0HXz7juKq7yJ5QFplLA%3d%3d
138/23,"FY-24 GRADUATE EDUCATION VOUCHER PROGRAM",06/14/2023,https://www.mynavyhr.navy.mil/Portals/55/Messages/NAVADMIN/NAV2023/NAV23138.txt?ver=RKzr0sVQaTICn4KrY2TGhw%3d%3d
139/23,"REVISIONS TO COMMAND CLIMATE ASSESSMENTS   FACT SHEET",06/15/2023,https://www.mynavyhr.navy.mil/Portals/55/Messages/NAVADMIN/NAV2023/NAV23139.txt?ver=Bm-viand3FPQCGDTnsVT4Q%3d%3d
140/23,"FY-24 NAVY SAILORS OF THE YEAR - MESSAGE CANCELLATION",06/23/2023,https://www.mynavyhr.navy.mil/Portals/55/Messages/NAVADMIN/NAV2023/NAV23140-1.txt?ver=tW20IDN14v7fw5868l8AAg%3d%3d
141/23,"NAVY HEALTH OF THE FORCE SURVEY (CORRECTED COPY)  FACT SHEET",06/26/2023,https://www.mynavyhr.navy.mil/Portals/55/Messages/NAVADMIN/NAV2023/NAV23141.txt?ver=x2iJJkG_toRs2eGFWvLb2A%3d%3d
142/23,"FY-22 NAVY SAILORS OF THE YEAR",06/26/2023,https://www.mynavyhr.navy.mil/Portals/55/Messages/NAVADMIN/NAV2023/NAV23142.txt?ver=nm_Y84BAV3i8NYSzpF3Eew%3d%3d
143/23,"ESTABLISHMENT OF MARITIME CYBER WARFARE OFFICER (MCWO) DESIGNATOR 188X   FACT SHEET",06/26/2023,https://www.mynavyhr.navy.mil/Portals/55/Messages/NAVADMIN/NAV2023/NAV23143.txt?ver=Jyzkq-U29xZ9nyRQozwLJQ%3d%3d
144/23,"CHANGE TO NUCLEAR OFFICER BONUS AND INCENTIVE PAY RATES",06/27/2023,https://www.mynavyhr.navy.mil/Portals/55/Messages/NAVADMIN/NAV2023/NAV23144.txt?ver=fPkZ1bZs6XxTw_SdVzh7GQ%3d%3d
145/23,"2023 CAPT JOY BRIGHT HANCOCK AND MASTER CHIEF ANNA DER-VARTANIAN LEADERSHIP AWARDS ANNOUNCEMENT",06/27/2023,https://www.mynavyhr.navy.mil/Portals/55/Messages/NAVADMIN/NAV2023/NAV23145.txt?ver=MG7Pqo8aBQ1JdMVBTp8Dbg%3d%3d
146/23,"2022 FLEET AWARD WINNERS",06/28/2023,https://www.mynavyhr.navy.mil/Portals/55/Messages/NAVADMIN/NAV2023/NAV23146.txt?ver=Vyqe82mecH1hUlOeab6c8A%3d%3d
147/23,"ESTABLISHMENT OF THE CYBER WARFARE TECHNICIAN (CWT) RATING   FACT SHEET",06/29/2023,https://www.mynavyhr.navy.mil/Portals/55/Messages/NAVADMIN/NAV2023/NAV23147.txt?ver=WfYAimL1pZdromaGczzhlw%3d%3d
148/23,"ACTIVE-DUTY PROMOTIONS TO THE PERMANENT GRADES OF CAPTAIN, COMMANDER, LIEUTENANT COMMANDER, LIEUTENANT, AND CHIEF WARRANT OFFICER IN THE LINE AND STAFF CORPS

    ",06/29/2023,https://www.mynavyhr.navy.mil/Portals/55/Messages/NAVADMIN/NAV2023/NAV23148.txt?ver=2bNQPZf9iP81q7BqEyxYag%3d%3d
149/23,"NAVY RESERVE PROMOTIONS TO THE PERMANENT GRADES OF CAPTAIN, COMMANDER, LIEUTENANT COMMANDER, LIEUTENANT, AND CHIEF WARRANT OFFICER IN THE LINE AND STAFF CORPS

    ",06/20/2023,https://www.mynavyhr.navy.mil/Portals/55/Messages/NAVADMIN/NAV2023/NAV23149.txt?ver=qDtTjrI6juXTDrXCXIqCXQ%3d%3d
150/23,"FINAL SELECTION AND ASSIGNMENTS FOR ACADEMIC YEAR 2023-24 FEDERAL EXECUTIVE FELLOWSHIP (FEF), U.S. NAVY HUDSON FELLOWSHIP, CNO'S FELLOWSHIP AT THE COUNCIL ON FOREIGN RELATIONS, SECRETARY OF DEFENSE EXECUTIVE FELLOWS (SDEF), SECRETARY OF DEFENSE STRATEGIC THINKERS PROGRAM (SDSTP), POLITICO-MILITARY MASTER'S (PMM), OLMSTED, AND MIT SEMINAR XXI

    ",06/29/2023,https://www.mynavyhr.navy.mil/Portals/55/Messages/NAVADMIN/NAV2023/NAV23150.txt?ver=RdbnGQ3mMpF9Yp9NdzPi8g%3d%3d
151/23,"75TH ANNIVERSARY OF RACIAL DESEGREGATION IN THE U.S. ARMED FORCES EXECUTIVE ORDER 9981",06/30/2023,https://www.mynavyhr.navy.mil/Portals/55/Messages/NAVADMIN/NAV2023/NAV23151.txt?ver=-Tms2fGsDChWCQQslgCihQ%3d%3d
152/23,"ANNUAL RECERTIFICATION OF SPECIAL DUTY ASSIGNMENT PAY",06/30/2023,https://www.mynavyhr.navy.mil/Portals/55/Messages/NAVADMIN/NAV2023/NAV23152.txt?ver=gtghDVy3Uxi-7VRoz4uT5A%3d%3d
153/23,"2023 ANNUAL DEPARTMENT OF DEFENSE CHIEF INFORMATION OFFICER AWARD CALL FOR NOMINATIONS ",07/10/2023,https://www.mynavyhr.navy.mil/Portals/55/Messages/NAVADMIN/NAV2023/NAV23153.txt?ver=9BJRDz3Pf4Qd2SWY65dL2g%3d%3d
154/23,"FY-24 RECRUIT TRAINING COMMAND CHIEF PETTY OFFICER SELECTEE BACK TO BOOT CAMP TRAINING WEEK   FACT SHEET",07/10/2023,https://www.mynavyhr.navy.mil/Portals/55/Messages/NAVADMIN/NAV2023/NAV23154.txt?ver=L1L68ksQ6ad0hnj5XZ7rCQ%3d%3d
155/23,"BASIC NEEDS ALLOWANCE UPDATE ONE  FACT SHEET",07/10/2023,https://www.mynavyhr.navy.mil/Portals/55/Messages/NAVADMIN/NAV2023/NAV23155.txt?ver=ZE2sPb7j6HxqULi_3rjlrQ%3d%3d
156/23,"FLANK SPEED CONTINUED JOURNEY",07/14/2023,https://www.mynavyhr.navy.mil/Portals/55/Messages/NAVADMIN/NAV2023/NAV23156.txt?ver=LWu6-zqavler-Wc6YAoWgw%3d%3d
157/23,"50TH ANNIVERSARY OF WOMEN IN MILITARY CHAPLAINCY",07/17/2023,https://www.mynavyhr.navy.mil/Portals/55/Messages/NAVADMIN/NAV2023/NAV23157.txt?ver=fvzxcdmpZjg-CEOWxUF3Zg%3d%3d
158/23,"POLICY FOR ACTIVATION AND EMPLOYMENT OF RESERVE COMPONENT FORCES IN FY24 AND BEYOND",07/18/2023,https://www.mynavyhr.navy.mil/Portals/55/Messages/NAVADMIN/NAV2023/NAV23158.txt?ver=wESKGDGWN2KoHCTsLF3PQA%3d%3d
159/23,"FY-25 LAW EDUCATION PROGRAM SELECTION BOARD APPLICATIONS   FACT SHEET",07/19/2023,https://www.mynavyhr.navy.mil/Portals/55/Messages/NAVADMIN/NAV2023/NAV23159.txt?ver=mOoEo29vktI_ldQIT0BYSQ%3d%3d
160/23,"SELECTED RESERVE ADVANCEMENT TO WARFIGHTING POSITIONS PROGRAM PHASE I   FACT SHEET",07/19/2023,https://www.mynavyhr.navy.mil/Portals/55/Messages/NAVADMIN/NAV2023/NAV23160.txt?ver=hBQ-Fn23SihfRqK7RknlQA%3d%3d
161/23,"SPECIAL LEAVE ACCRUAL POLICY CHANGES   FACT SHEET",07/20/2023,https://www.mynavyhr.navy.mil/Portals/55/Messages/NAVADMIN/NAV2023/NAV23161.txt?ver=Unx7YEtmdQP4WifBnjr57w%3d%3d
162/23,"ACADEMIC YEAR 2024/25 ENLISTED CYBER MASTER OF SCIENCE DEGREE OPPORTUNITY AT NAVAL POSTGRADUATE SCHOOL",07/21/2023,https://www.mynavyhr.navy.mil/Portals/55/Messages/NAVADMIN/NAV2023/NAV23162.txt?ver=54zz5eF3Kwjqr0x58o-AOw%3d%3d
163/23,"THE 250TH BIRTHDAY OF THE UNITED STATES OF AMERICA",07/27/2023,https://www.mynavyhr.navy.mil/Portals/55/Messages/NAVADMIN/NAV2023/NAV23163.txt?ver=o3b0kPwHGha5nrwZDFDHVQ%3d%3d
164/23,"ACTIVE-DUTY PROMOTIONS TO THE PERMANENT GRADES OF CAPTAIN, COMMANDER, LIEUTENANT COMMANDER, LIEUTENANT, AND CHIEF WARRANT OFFICER IN THE LINE AND STAFF CORPS

    ",07/27/2023,https://www.mynavyhr.navy.mil/Portals/55/Messages/NAVADMIN/NAV2023/NAV23164.txt?ver=2ZHx1lVaWLkLtcSWC_A7Hw%3d%3d
165/23,"NAVY RESERVE PROMOTIONS TO THE PERMANENT GRADES OF CAPTAIN, COMMANDER, LIEUTENANT COMMANDER, LIEUTENANT, AND CHIEF WARRANT OFFICER IN THE LINE AND STAFF CORPS

    ",07/27/2023,https://www.mynavyhr.navy.mil/Portals/55/Messages/NAVADMIN/NAV2023/NAV23165.txt?ver=k4pWyagvf-ICPz9R8E3hgA%3d%3d
166/23,"SELF-INITIATED REFERRAL PROCESS FOR MENTAL HEALTH EVALUATIONS OF SERVICE MEMBERS - THE BRANDON ACT   FACT SHEET",07/27/2023,https://www.mynavyhr.navy.mil/Portals/55/Messages/NAVADMIN/NAV2023/NAV23166.txt?ver=ua-nNTYlp6rj0iVF-jTPXg%3d%3d
167/23,"SEPTEMBER 2023 (CYCLE 260) ACTIVE-DUTY AND TRAINING AND ADMINISTRATION OF THE RESERVE (TAR) E-4 THROUGH E-6 ADVANCEMENT AND MODIFICATION TO SELECTED RESERVE E-4 ADVANCEMENT ANNOUNCEMENT (CYCLE 113)

    ",07/27/2023,https://www.mynavyhr.navy.mil/Portals/55/Messages/NAVADMIN/NAV2023/NAV23167.txt?ver=pok-FdCs99wmAWk0zJOcdg%3d%3d
168/23,"NAVY-WIDE APPRENTICE (E1 - E4) ADVANCEMENT CHANGES   FACT SHEET",07/27/2023,https://www.mynavyhr.navy.mil/Portals/55/Messages/NAVADMIN/NAV2023/NAV23168.txt?ver=nrJwJEQ31ziEWaQdQHk8Yw%3d%3d
169/23,"U.S. NAVY SPECIAL SECURITY OFFICE SENSITIVE COMPARTEMENTED INFORMATION (SCI) POLICY AND SCI FACILITY (SCIF) OPERATIONS",07/28/2023,https://www.mynavyhr.navy.mil/Portals/55/Messages/NAVADMIN/NAV2023/NAV23169.txt?ver=RrNvYeQEj6qse9qHzfw31Q%3d%3d
170/23,"POLICY AND GUIDANCE REGARDING THE U.S. NAVY INSIDER THREAT PROGRAM",07/31/2023,https://www.mynavyhr.navy.mil/Portals/55/Messages/NAVADMIN/NAV2023/NAV23170.txt?ver=5Rs3DW6BHy9YOHlOaLdHdw%3d%3d
171/23,"2023 MRS. SYBIL STOCKDALE OMBUDSMAN OF THE YEAR AWARD RECIPIENTS",07/31/2023,https://www.mynavyhr.navy.mil/Portals/55/Messages/NAVADMIN/NAV2023/NAV23171.txt?ver=0sDYipelCpfLKXdfawn1ng%3d%3d
172/23,"FISCAL YEAR 2023 OCEANOGRAPHER OF THE NAVY AWARD NOMINATIONS",07/31/2023,https://www.mynavyhr.navy.mil/Portals/55/Messages/NAVADMIN/NAV2023/NAV23172.txt?ver=2NdpbHFsSsDo0xo0w7ioXw%3d%3d
173/23,"FY-24 NAVY RESERVE E7 ADVANCEMENT SELECTION BOARDS RESULTS",08/01/2023,https://www.mynavyhr.navy.mil/Portals/55/Messages/NAVADMIN/NAV2023/NAV23173.txt?ver=6LDeUMbIrkDdDNNwsAy4-w%3d%3d
174/23,"UPDATE TO PRIOR SERVICE RE-ENLISTMENT ELIGIBILITY - RESERVE (PRISE-R) POLICY",08/01/2023,https://www.mynavyhr.navy.mil/Portals/55/Messages/NAVADMIN/NAV2023/NAV23174.txt?ver=RHt0zhK5pXuQQIhbfw6LxQ%3d%3d
175/23,"2022 SHANNON M. KENT AWARD FOR LANGUAGE PROFESSIONAL EXCELLENCE, LANGUAGE PROFESSIONALS OF THE YEAR, LINGUISTS OF THE YEAR AND COMMAND LANGUAGE PROGRAM OF THE YEAR ANNOUNCEMENT

    ",08/01/2023,https://www.mynavyhr.navy.mil/Portals/55/Messages/NAVADMIN/NAV2023/NAV23175.txt?ver=9p1NyoaolIifO1FsLI7DUw%3d%3d
176/23,"NAVY MATERNITY UNIFORM PILOT PROGRAM ENHANCEMENT   FACT SHEET",08/01/2023,https://www.mynavyhr.navy.mil/Portals/55/Messages/NAVADMIN/NAV2023/NAV23176.txt?ver=_ZV5BpgNzRSpoYR_gqPegg%3d%3d
177/23,"NAVY FOREIGN AREA OFFICER (FAO) COMMUNITY CALL FOR APPLICATIONS",08/03/2023,https://www.mynavyhr.navy.mil/Portals/55/Messages/NAVADMIN/NAV2023/NAV23177.txt?ver=huK8LHi0ZuIMz2_gK70TBw%3d%3d
178/23,"ACTIVE COMPONENT FISCAL YEAR 2023 AVIATION COMMAND RETENTION BONUS",08/03/2023,https://www.mynavyhr.navy.mil/Portals/55/Messages/NAVADMIN/NAV2023/NAV23178.txt?ver=9xth8sP9htMroq6mUn2-QQ%3d%3d
179/23,"USS ARIZONA MEMORIAL TROPHY WINNER",08/03/2023,https://www.mynavyhr.navy.mil/Portals/55/Messages/NAVADMIN/NAV2023/NAV23179.txt?ver=NSvG1teDunCgY4kYPTsCvA%3d%3d
180/23,"75 YEARS OF POWERING MARITIME DOMINANCE - CALDWELL SENDS",08/04/2023,https://www.mynavyhr.navy.mil/Portals/55/Messages/NAVADMIN/NAV2023/NAV23180.txt?ver=Y4M2ssVQ_WJPfbkVedj3nQ%3d%3d
181/23,"FISCAL YEAR 24 NAVY RESERVE NATIONAL COMMAND AND SENIOR OFFICER BOARD",08/07/2023,https://www.mynavyhr.navy.mil/Portals/55/Messages/NAVADMIN/NAV2023/NAV23181.txt?ver=oPYmiY8sB_cN1DDFREblFQ%3d%3d
182/23,"2022-23 MASTER CHIEF PETTY OFFICER OF THE NAVY DELBERT D. BLACK LEADERSHIP AWARD SELECTION",08/09/2023,https://www.mynavyhr.navy.mil/Portals/55/Messages/NAVADMIN/NAV2023/NAV23182.txt?ver=E0QgfXvs3V7YHkGbw7lywA%3d%3d
183/23,"EXERCISE-EXERCISE-EXERCISE ORDER TO ACCOUNT FOR THE NAVY FAMILY ACCOUNTABILITY AND ASSESSMENT SYSTEM FOR SIMULATED EARTHQUAKE IN CONJUNCTION WITH CITADEL RUMBLE 23

    ",08/09/2023,https://www.mynavyhr.navy.mil/Portals/55/Messages/NAVADMIN/NAV2023/NAV23183.txt?ver=9F4bT-EsQfMI_t9ZiriJ9A%3d%3d
184/23,"EXERCISE-EXERCISE-EXERCISE ORDER TO ACCOUNT FOR THE NAVY FAMILY ACCOUNTABILITY AND ASSESSMENT SYSTEM FOR SIMULATED NWTC TSUNAMI AFTER STORM PASSAGE/CLOSEST POINT OF APPROACH (CPA) IN CONJUNCTION WITH CITADEL RUMBLE 23

    ",08/09/2023,https://www.mynavyhr.navy.mil/Portals/55/Messages/NAVADMIN/NAV2023/NAV23184.txt?ver=EMA9nxx7qv0EGlblc-Qp5Q%3d%3d
185/23,"EXERCISE-EXERCISE-EXERCISE ORDER TO ACCOUNT FOR THE NAVY FAMILY ACCOUNTABILITY AND ASSESSMENT SYSTEM FOR SIMULATED EARTHQUAKE IN CONJUNCTION WITH CITADEL RUMBLE

    ",08/09/2023,https://www.mynavyhr.navy.mil/Portals/55/Messages/NAVADMIN/NAV2023/NAV23185.txt?ver=38gQs6kwf3ii120gQ31D0Q%3d%3d
186/23,"ORDER TO ACCOUNT FOR THE NAVY FAMILY ACCOUNTABILITY AND ASSESSMENT SYSTEM IN CONJUNCTION WITH THE MAUI WILDFIRES IN THE STATE OF HAWAII",08/10/2023,https://www.mynavyhr.navy.mil/Portals/55/Messages/NAVADMIN/NAV2023/NAV23186.txt?ver=IQ0QljUFhLjUN_uj-246BQ%3d%3d
187/23,"248TH NAVY BIRTHDAY PLANNING ORDER",08/14/2023,https://www.mynavyhr.navy.mil/Portals/55/Messages/NAVADMIN/NAV2023/NAV23187.txt?ver=dptbHjPEDXRhOt5lAeOnIw%3d%3d
188/23,"VCNO MESSAGE TO THE FLEET",08/14/2023,https://www.mynavyhr.navy.mil/Portals/55/Messages/NAVADMIN/NAV2023/NAV23188.txt?ver=kU-w9DlYqNoWr4C87EDSuA%3d%3d
189/23,"NAVY ORGANIZATION MANAGEMENT - UPDATED ORGANIZATION CHANGE REQUEST MANUAL AND OCR FORM",08/15/2023,https://www.mynavyhr.navy.mil/Portals/55/Messages/NAVADMIN/NAV2023/NAV23189.txt?ver=MdZKcI7DRVOy20iz3XyBKw%3d%3d
190/23,"ORDER TO UPDATE NAVY FAMILY ACCOUNTABILITY AND ASSESSMENT SYSTEM PERSONAL CONTACT INFORMATION (SEPTEMBER 2023)",08/16/2023,https://www.mynavyhr.navy.mil/Portals/55/Messages/NAVADMIN/NAV2023/NAV23190.txt?ver=S0U1mMUdW5DmM5k9ONb6Yw%3d%3d
191/23,"SENATE CONFIRMATION OF OFFICERS SELECTED BY THE FY-24 ACTIVE-DUTY NAVY CAPTAIN LINE AND STAFF CORPS BOARDS",08/16/2023,https://www.mynavyhr.navy.mil/Portals/55/Messages/NAVADMIN/NAV2023/NAV23191.txt?ver=-oFF4iv4EgrhwHhUnroPWg%3d%3d
192/23,"SENATE CONFIRMATION OF OFFICERS SELECTED BY THE FY-24 NAVY RESERVE CAPTAIN LINE AND STAFF CORPS BOARDS",08/16/2023,https://www.mynavyhr.navy.mil/Portals/55/Messages/NAVADMIN/NAV2023/NAV23192.txt?ver=0m8WTrbdyj28SRwUOrNQag%3d%3d
193/23,"EVALUATIONS FOR SENIOR CHIEF PETTY OFFICERS SCREENED TO MASTER CHIEF PETTY OFFICER ",08/16/2023,https://www.mynavyhr.navy.mil/Portals/55/Messages/NAVADMIN/NAV2023/NAV23193.txt?ver=wE1_i9JonpYIlhsuGqtPww%3d%3d
194/23,"NAVAL SPECIAL WARFARE CHIEF WARRANT OFFICER RETENTION BONUS PROGRAM",08/16/2023,https://www.mynavyhr.navy.mil/Portals/55/Messages/NAVADMIN/NAV2023/NAV23194.txt?ver=0yTesxwX2lFktS73XpLTsA%3d%3d
195/23,"CONVENING OF THE FISCAL YEAR 24 TRAINING AND ADMINISTRATION OF THE RESERVE CAPTAIN SELECTIVE RETENTION BOARD",08/16/2023,https://www.mynavyhr.navy.mil/Portals/55/Messages/NAVADMIN/NAV2023/NAV23195.txt?ver=kcZwZem6qM8fxRevps7Ekg%3d%3d
196/23,"2023 MERITORIOUS ADVANCEMENT PROGRAM SEASON TWO   FACT SHEET",08/16/2023,https://www.mynavyhr.navy.mil/Portals/55/Messages/NAVADMIN/NAV2023/NAV23196.txt?ver=F61qU5_96VoZtt9_3EXRhA%3d%3d
197/23,"NAVY WORKING UNIFORM TYPE III WEAR IN THE NATIONAL CAPITAL REGION",08/17/2023,https://www.mynavyhr.navy.mil/Portals/55/Messages/NAVADMIN/NAV2023/NAV23197.txt?ver=VXg5NwRpBk28iHoXGEMbLQ%3d%3d
198/23,"DRAFT ADVANCEMENT EXAMINATION READINESS REVIEW SCHEDULE FOR 1ST AND 2ND QUARTER FISCAL YEAR 2024 AND IDENTIFICATION OF FLEET SUBJECT MATTER EXPERTS",08/17/2023,https://www.mynavyhr.navy.mil/Portals/55/Messages/NAVADMIN/NAV2023/NAV23198.txt?ver=7GTXwHu1Xd4RukqEA5M9lg%3d%3d
199/23,"COMMANDING OFFICER APPLICATIONS BEING ACCEPTED BY NAVY FLIGHT DEMONSTRATION SQUADRON (BLUE ANGELS) FOR 2025-2026 SHOW SEASONS",08/17/2023,https://www.mynavyhr.navy.mil/Portals/55/Messages/NAVADMIN/NAV2023/NAV23199.txt?ver=HrRJ0_mBN9Du7CP9J_kVpg%3d%3d
200/23,"OFFICER APPLICATIONS BEING ACCEPTED BY NAVY FLIGHT DEMONSTRATION SQUADRON (BLUE ANGELS) FOR THE 2025-2027 SHOW SEASONS",08/17/2023,https://www.mynavyhr.navy.mil/Portals/55/Messages/NAVADMIN/NAV2023/NAV23200.txt?ver=cdJmIEry1rRXJU25qEUDVQ%3d%3d
201/23,"NOTICE OF CONVENING FY-25 ACTIVE-DUTY REAR ADMIRAL AND REAR ADMIRAL (LOWER HALF) PROMOTION SELECTION BOARDS",08/21/2023,https://www.mynavyhr.navy.mil/Portals/55/Messages/NAVADMIN/NAV2023/NAV23201.txt?ver=6fusUrUB5FS1qCG8d5fEUQ%3d%3d
202/23,"FALL FISCAL YEAR 2024 TRAINING AND ADMINISTRATION OF THE RESERVE OFFICER TRANSFER AND REDESIGNATION BOARD",08/21/2023,https://www.mynavyhr.navy.mil/Portals/55/Messages/NAVADMIN/NAV2023/NAV23202.txt?ver=2TBncTrXaguH5vZe9Woi7Q%3d%3d
203/23,"FY-24 ACTIVE-DUTY NAVY E7 ADVANCEMENT SELECTION BOARDS RESULTS",08/22/2023,https://www.mynavyhr.navy.mil/Portals/55/Messages/NAVADMIN/NAV2023/NAV23203.txt?ver=xMRFWg6jdGqrTql7T5aUkw%3d%3d
204/23,"CHIEF OF NAVAL OPERATIONS FIRST QUARTER FY23 GOLD DISK AWARDEES",08/24/2023,https://www.mynavyhr.navy.mil/Portals/55/Messages/NAVADMIN/NAV2023/NAV23204.txt?ver=7JrPtDmyUX72U9hx19ODrw%3d%3d
205/23,"FISCAL YEAR 2023 COPERNICUS AWARD NOMINATION",08/24/2023,https://www.mynavyhr.navy.mil/Portals/55/Messages/NAVADMIN/NAV2023/NAV23205.txt?ver=-X4Z_7MgmAtcOwENqLch-Q%3d%3d
206/23,"ACTIVE-DUTY PROMOTIONS TO THE PERMANENT GRADES OF CAPTAIN, COMMANDER, LIEUTENANT COMMANDER, LIEUTENANT, AND CHIEF WARRANT OFFICER IN THE LINE AND STAFF CORPS

    ",08/28/2023,https://www.mynavyhr.navy.mil/Portals/55/Messages/NAVADMIN/NAV2023/NAV23206.txt?ver=AXpq2OjGKxVq44eGCx3hew%3d%3d
207/23,"NAVY RESERVE PROMOTIONS TO THE PERMANENT GRADES OF CAPTAIN, COMMANDER, LIEUTENANT COMMANDER, LIEUTENANT, AND CHIEF WARRANT OFFICER IN THE LINE AND STAFF CORPS

    ",08/28/2023,https://www.mynavyhr.navy.mil/Portals/55/Messages/NAVADMIN/NAV2023/NAV23207.txt?ver=LaRigdbMkvLBIn-eqm_SxA%3d%3d
208/23,"ORDER TO ACCOUNT FOR THE NAVY FAMILY ACCOUNTABILITY AND ASSESSMENT SYSTEM IN CONJUNCTION WITH HURRICANE IDALIA AFTER STORM PASSAGE/CLOSEST POINT OF APPROACH (CPA)

    ",08/31/2023,https://www.mynavyhr.navy.mil/Portals/55/Messages/NAVADMIN/NAV2023/NAV23208.txt?ver=TDaDFbP-2U9pnyxtNUcm_w%3d%3d
209/23,"2023 OMBUDSMAN APPRECIATION DAY",08/31/2023,https://www.mynavyhr.navy.mil/Portals/55/Messages/NAVADMIN/NAV2023/NAV23209.txt?ver=pN3TM9HFhIPy0OXBt-TkDg%3d%3d
210/23,"ANNOUNCEMENT OF OPNAV 1650/14 (Rev. AUG 23)",09/05/2023,https://www.mynavyhr.navy.mil/Portals/55/Messages/NAVADMIN/NAV2023/NAV23210.txt?ver=nK_froPiP0Kh-w9xjLm_Ag%3d%3d
211/23,"U.S. NAVY INSIDER THREAT AWARENESS MONTH",09/05/2023,https://www.mynavyhr.navy.mil/Portals/55/Messages/NAVADMIN/NAV2023/NAV23211.txt?ver=iSn6kT38kg0HEe8j4mDDiA%3d%3d
212/23,"MODIFICATION TO THE ACADEMIC YEAR 2024-2025 STRATEGIST AND NATIONAL SECURITY FELLOWSHIPS AND GRADUATE EDUCATION SCHOLARSHIP PROGRAMS CALL FOR APPLICATIONS

    ",09/06/2023,https://www.mynavyhr.navy.mil/Portals/55/Messages/NAVADMIN/NAV2023/NAV23212.txt?ver=AE3M_pRopSJeKH4Wv7PP3g%3d%3d
213/23,"NOTICE OF CONVENING FY25-1 TEST PILOT SCHOOL SELECTION BOARD",09/11/2023,https://www.mynavyhr.navy.mil/Portals/55/Messages/NAVADMIN/NAV2023/NAV23213.txt?ver=R6bD7lI7R6bNYGZL30TKQQ%3d%3d
214/23,"FISCAL YEAR 2024-2025 SECRETARY OF THE NAVY TOURS WITH INDUSTRY ANNOUNCEMENT",09/11/2023,https://www.mynavyhr.navy.mil/Portals/55/Messages/NAVADMIN/NAV2023/NAV23214.txt?ver=dMx9lJZrvPKRJWEoomdZwQ%3d%3d
215/23,"ENLISTED APPLICATIONS BEING ACCEPTED BY NAVY FLIGHT DEMONSTRATION SQUADRON (BLUE ANGELS) FOR 2025",09/11/2023,https://www.mynavyhr.navy.mil/Portals/55/Messages/NAVADMIN/NAV2023/NAV23215.txt?ver=ROE0GkpS6uJrWhUMA_OsXw%3d%3d
216/23,"2023 CNO NAVAL HISTORY ESSAY CONTEST WINNERS",09/14/2023,https://www.mynavyhr.navy.mil/Portals/55/Messages/NAVADMIN/NAV2023/NAV23216.txt?ver=qc2H2AFzeQl8-FMHFxucyg%3d%3d
217/23,"UNITED STATES NAVY SENIOR ENLISTED ACADEMY UPDATE",09/14/2023,https://www.mynavyhr.navy.mil/Portals/55/Messages/NAVADMIN/NAV2023/NAV23217.txt?ver=yytfXF_MaPqUx8amD8GVlw%3d%3d
218/23,"FALL FISCAL YEAR 2024 TRAINING AND ADMINISTRATION OF THE RESERVE OFFICER  IN-SERVICE PROCUREMENT PROGRAM BOARD  FACT SHEET",09/14/2023,https://www.mynavyhr.navy.mil/Portals/55/Messages/NAVADMIN/NAV2023/NAV23218.txt?ver=PmPe441idiKMkQsmjA43sA%3d%3d
219/23,"THE 250TH BIRTHDAYS OF THE NAVY AND THE UNITED STATES OF AMERICA",09/15/2023,https://www.mynavyhr.navy.mil/Portals/55/Messages/NAVADMIN/NAV2023/NAV23219.txt?ver=Z50JGmpy5HRz5j2TwgBaBQ%3d%3d
220/23,"SUICIDE PREVENTION MONTH",09/18/2023,https://www.mynavyhr.navy.mil/Portals/55/Messages/NAVADMIN/NAV2023/NAV23220.txt?ver=2_AXmiyK-Fa6gQIV1pQKew%3d%3d
221/23,"2023 ASSOCIATION OF OLD CROWS OUTSTANDING NAVY UNIT AWARD WINNERS",09/18/2023,https://www.mynavyhr.navy.mil/Portals/55/Messages/NAVADMIN/NAV2023/NAV23221.txt?ver=4P6IjoVbykl24dtKgKysmw%3d%3d
222/23,"ATTENDANCE AT THE 2024 JOINT SERVICE AIR TRAFFIC CONTROL SYMPOSIUM",09/19/2023,https://www.mynavyhr.navy.mil/Portals/55/Messages/NAVADMIN/NAV2023/NAV23222.txt?ver=dMicjjNR4Z1XlA1mPXB_Xg%3d%3d
223/23,"FY23 FLIGHT HOUR VERIFICATION REQUIREMENT FOR CONDITIONAL AVIATION INCENTIVE PAY AND HAZARDOUS DUTY INCENTIVE PAY FOR FLYING",09/21/2023,https://www.mynavyhr.navy.mil/Portals/55/Messages/NAVADMIN/NAV2023/NAV23223.txt?ver=lkSyWgtdRdO9oavuSvPqug%3d%3d
224/23,"NAVY ESPORTS TEAM APPLICATIONS",09/21/2023,https://www.mynavyhr.navy.mil/Portals/55/Messages/NAVADMIN/NAV2023/NAV23224.txt?ver=H8xoeQpAUyeBm5XTka1y2A%3d%3d
225/23,"SPECIAL LEAVE ACCRUAL POLICY UPDATE  FACT SHEET",09/21/2023,https://www.mynavyhr.navy.mil/Portals/55/Messages/NAVADMIN/NAV2023/NAV23225.txt?ver=OEiF6iQg0W1QU2C6tYKhAg%3d%3d
226/23,"MONTGOMERY GI BILL PROGRAM UPDATE  FACT SHEET",09/21/2023,https://www.mynavyhr.navy.mil/Portals/55/Messages/NAVADMIN/NAV2023/NAV23226.txt?ver=h6QHsjzApMaudOM0Lx9H4Q%3d%3d
227/23,"FY24 PROJECTED SHIP INACTIVATION SCHEDULE",10/11/2023,https://www.mynavyhr.navy.mil/Portals/55/Messages/NAVADMIN/NAV2023/NAV23227.txt?ver=DOsnTElKs3_UDRzBvIXclQ%3d%3d
228/23,"CNIC CELEBRATES 20TH ANNIVERSARY (CORRECTED COPY)",09/25/2023,https://www.mynavyhr.navy.mil/Portals/55/Messages/NAVADMIN/NAV2023/NAV23228.txt?ver=Li26MxHhoMze7BG2Dt55gw%3d%3d
229/23,"ACTIVE-DUTY PROMOTIONS TO THE PERMANENT GRADES OF CAPTAIN, COMMANDER,  LIEUTENANT COMMANDER, LIEUTENANT, AND CHIEF WARRANT OFFICER IN THE LINE AND  STAFF CORPS

    ",09/25/2023,https://www.mynavyhr.navy.mil/Portals/55/Messages/NAVADMIN/NAV2023/NAV23229.txt?ver=U6T3RuJm_IBNbPp8k3vr1A%3d%3d
230/23,"NAVY RESERVE PROMOTIONS TO THE PERMANENT GRADES OF CAPTAIN, COMMANDER,  LIEUTENANT COMMANDER, LIEUTENANT, AND CHIEF WARRANT OFFICER IN THE LINE AND  STAFF CORPS

    ",09/25/2023,https://www.mynavyhr.navy.mil/Portals/55/Messages/NAVADMIN/NAV2023/NAV23230.txt?ver=CudV9vM2n4-CIF2RlAVVzg%3d%3d
231/23,"FISCAL YEAR 2024 JUDGE ADVOCATE GENERAL'S CORPS IN-SERVICE PROCUREMENT  PROGRAM SELECTION BOARD",09/25/2023,https://www.mynavyhr.navy.mil/Portals/55/Messages/NAVADMIN/NAV2023/NAV23231.txt?ver=j32BIsijH6Mq8Yz1NdcuOQ%3d%3d
232/23,"FY24 UNITED STATES NAVAL ACADEMY LEADERSHIP EDUCATION AND DEVELOPMENT  MASTERS PROGRAM",09/25/2023,https://www.mynavyhr.navy.mil/Portals/55/Messages/NAVADMIN/NAV2023/NAV23232.txt?ver=Z_pferjNLkp7KGUNYQvh5w%3d%3d
233/23,"NAVY 248TH BIRTHDAY COMMEMORATION EXECUTION ORDER",09/26/2023,https://www.mynavyhr.navy.mil/Portals/55/Messages/NAVADMIN/NAV2023/NAV23233.txt?ver=1S6Ad0n3_x2oOdZn1gHaHw%3d%3d
234/23,"MILITARY MENTORS FOR UNITED STATES SENATE YOUTH PROGRAM (CORRECTED COPY)",09/29/2023,https://www.mynavyhr.navy.mil/Portals/55/Messages/NAVADMIN/NAV2023/NAV23234.txt?ver=cMgt2UfDfUf5o1rfG7-Zmw%3d%3d
235/23,"2023 VICE ADMIRAL JAMES BOND STOCKDALE LEADERSHIP AWARD WINNERS",10/02/2023,https://www.mynavyhr.navy.mil/Portals/55/Messages/NAVADMIN/NAV2023/NAV23235.txt?ver=7PYrbNkyd1Aj6kJlpG5o7g%3d%3d
236/23,"FISCAL YEAR 2024 GENERAL MILITARY TRAINING REQUIREMENTS  FACT SHEET",10/05/2023,https://www.mynavyhr.navy.mil/Portals/55/Messages/NAVADMIN/NAV2023/NAV23236.txt?ver=TDinLQE6TNU_L5nuaO39TQ%3d%3d
237/23,"UPDATES TO THE NAVY ENLISTED LEADER DEVELOPMENT PROGRAM  FACT SHEET",10/03/2023,https://www.mynavyhr.navy.mil/Portals/55/Messages/NAVADMIN/NAV2023/NAV23237.txt?ver=HxJ_DIjNx_-2G4JktWPEqg%3d%3d
238/23,"NAVY WINNERS OF THE 2023 SECRETARY OF DEFENSE MAINTENANCE AWARDS",10/03/2023,https://www.mynavyhr.navy.mil/Portals/55/Messages/NAVADMIN/NAV2023/NAV23238.txt?ver=8Tamtkc4ky6RzFxU6pdDhA%3d%3d
239/23,"SELECTED RESERVE ADVANCEMENT TO WARFIGHTING POSITIONS PROGRAM PHASE II  FACT SHEET",10/03/2023,https://www.mynavyhr.navy.mil/Portals/55/Messages/NAVADMIN/NAV2023/NAV23239.txt?ver=txF2j0P-IH_WBNqb9yUxig%3d%3d
240/23,"CALENDAR YEAR 2025 NAVY LEGISLATIVE FELLOWSHIP CALL FOR APPLICATIONS",10/06/2023,https://www.mynavyhr.navy.mil/Portals/55/Messages/NAVADMIN/NAV2023/NAV23240.txt?ver=uuWU5_Qzre7znxYk_HeClQ%3d%3d
241/23,"FISCAL YEAR 2024 CYBERSECURITY AWARENESS CHALLENGE",10/06/2023,https://www.mynavyhr.navy.mil/Portals/55/Messages/NAVADMIN/NAV2023/NAV23241.txt?ver=veOIDO-S5k2FOMYszaWFKg%3d%3d
242/23,"RENEWAL AND RESTRUCTURING OF EXPLOSIVE ORDNANCE DISPOSAL WARFARE OFFICER RETENTION BONUS",10/10/2023,https://www.mynavyhr.navy.mil/Portals/55/Messages/NAVADMIN/NAV2023/NAV23242.txt?ver=thTJHoEC2NMP8t8_qqJfZg%3d%3d
243/23,"CALL FOR FY-25 COMMAND MASTER CHIEF AND COMMAND SENIOR CHIEF SCREEN BOARD MEMBERSHIP AND APPLICATIONS",10/10/2023,https://www.mynavyhr.navy.mil/Portals/55/Messages/NAVADMIN/NAV2023/NAV23243.txt?ver=y31SZiqh5CS2Mwo056Orag%3d%3d
244/23,"ACADEMIC YEAR 2024 EXPEDITIONARY WARFARE SCHOOL MARINE AIR GROUND TASK FORCE OPERATIONS AFLOAT COURSE",10/10/2023,https://www.mynavyhr.navy.mil/Portals/55/Messages/NAVADMIN/NAV2023/NAV23244.txt?ver=8yiddTUUpaL6E9uKiHN3oQ%3d%3d
245/23,"ORDER TO ACCOUNT FOR THE NAVY FAMILY IN CONJUNCTION WITH/TYPHOON BOLAVEN",10/11/2023,https://www.mynavyhr.navy.mil/Portals/55/Messages/NAVADMIN/NAV2023/NAV23245.txt?ver=dQEgFMYN8JSRTunX-Zq2Fg%3d%3d
246/23,"NOTICE OF CONVENING NAVY RESERVE FY-25 LINE AND STAFF REAR ADMIRAL AND REAR ADMIRAL (LOWER HALF) PROMOTION SELECTION BOARDS",10/12/2023,https://www.mynavyhr.navy.mil/Portals/55/Messages/NAVADMIN/NAV2023/NAV23246.txt?ver=62JRXu8U8sCaR0wiMbE4WQ%3d%3d
247/23,"CNO BIRTHDAY MESSAGE TO THE FLEET",10/12/2023,https://www.mynavyhr.navy.mil/Portals/55/Messages/NAVADMIN/NAV2023/NAV23247.txt?ver=70KsKC_8PMpTAJgkcav5yQ%3d%3d
248/23,"ANNOUNCEMENT OF OPNAV 1650/3 (Rev. SEP 23)",10/13/2023,https://www.mynavyhr.navy.mil/Portals/55/Messages/NAVADMIN/NAV2023/NAV23248.txt?ver=UAepWKKP3o4isc-r4Nh-GQ%3d%3d
249/23,"FY24 MEDICAL DEPARTMENT OFFICER SPECIAL PAYS FOR ACTIVE DUTY",10/16/2023,https://www.mynavyhr.navy.mil/Portals/55/Messages/NAVADMIN/NAV2023/NAV23249.txt?ver=3HFStG-of2af5Cczat2bQQ%3d%3d
250/23,"2023-2024 NAVY INFLUENZA VACCINATION AND REPORTING POLICY",10/17/2023,https://www.mynavyhr.navy.mil/Portals/55/Messages/NAVADMIN/NAV2023/NAV23250.txt?ver=FjnihC23IzG-YcMpYmozcw%3d%3d
251/23,"ACTIVE-DUTY PROMOTIONS TO THE PERMANENT GRADES OF CAPTAIN, COMMANDER, LIEUTENANT COMMANDER, LIEUTENANT, AND CHIEF WARRANT OFFICER IN THE LINE AND STAFF CORPS

    ",10/23/2023,https://www.mynavyhr.navy.mil/Portals/55/Messages/NAVADMIN/NAV2023/NAV23251.txt?ver=LbBhKx9oS2_1oZW7QtHdQg%3d%3d
252/23,"NAVY RESERVE PROMOTIONS TO THE PERMANENT GRADES OF CAPTAIN, COMMANDER, LIEUTENANT COMMANDER, LIEUTENANT, AND CHIEF WARRANT OFFICER IN THE LINE AND STAFF CORPS

    ",10/23/2023,https://www.mynavyhr.navy.mil/Portals/55/Messages/NAVADMIN/NAV2023/NAV23252.txt?ver=yo_gUvBVdSysu4cKqu1dYg%3d%3d
